{
	"partitions" : [
		{
			"name" : "Top",
			"pins" : [
				{
					"name" : "h[6]",
					"strict" : false
				},
				{
					"name" : "h[5]",
					"strict" : false
				},
				{
					"name" : "h[4]",
					"strict" : false
				},
				{
					"name" : "h[3]",
					"strict" : false
				},
				{
					"name" : "h[2]",
					"strict" : false
				},
				{
					"name" : "h[1]",
					"strict" : false
				},
				{
					"name" : "h[0]",
					"strict" : false
				},
				{
					"name" : "C[0]",
					"strict" : false
				},
				{
					"name" : "C[1]",
					"strict" : false
				}
			]
		}
	]
}